name,product_id,category,price_current,price_old,installment_monthly,installment_term,in_stock,promo_labels,url,image_url,page
Xiaomi Pad 7 8GB/256GB Grey,6594,Planşetlər,799,899,44.39,18 ay,True,18 ay ilkin ödənişsiz; 18 ay komissiyasız; 18 ay faizsiz,https://smartelectronics.az/az/mehsullar/xiaomi-pad-7-8gb-256gb-grey,https://assets.smartelectronics.az/Assets/cdn-cgi?width=320&height=320&path=5aebe623-a35e-489c-8b55-83c9494f9b0a.webp,0
Xiaomi Pad 7 8GB/256GB Green,6593,Planşetlər,799,899,44.39,18 ay,True,18 ay ilkin ödənişsiz; 18 ay komissiyasız; 18 ay faizsiz,https://smartelectronics.az/az/mehsullar/xiaomi-pad-7-8gb-256gb-green,https://assets.smartelectronics.az/Assets/cdn-cgi?width=320&height=320&path=a61a34cf-5be4-4cc1-aa0d-f89de2870766.webp,0
Xiaomi Pad 7 8GB/256GB Blue,6592,Planşetlər,799,899,44.39,18 ay,True,18 ay ilkin ödənişsiz; 18 ay komissiyasız; 18 ay faizsiz,https://smartelectronics.az/az/mehsullar/xiaomi-pad-7-8gb-256gb-blue,https://assets.smartelectronics.az/Assets/cdn-cgi?width=320&height=320&path=7a930966-9625-4e8b-8b3b-d31d59f49e16.webp,0
Blackview Tab MEGA 2 LTE 12GB/256GB Green,6545,Planşetlər,489,599,27.17,18 ay,True,Yalnız online sifarişlə,https://smartelectronics.az/az/mehsullar/blackview-tab-mega-2-lte-12gb-256gb-green,https://assets.smartelectronics.az/Assets/cdn-cgi?width=320&height=320&path=471ec9d9-8dd2-48aa-8dca-d25edd162b28.webp,0
Blackview Tab MEGA 2 LTE 12GB/256GB Grey,6544,Planşetlər,489,599,27.17,18 ay,True,Yalnız online sifarişlə,https://smartelectronics.az/az/mehsullar/blackview-tab-mega-2-lte-12gb-256gb-grey,https://assets.smartelectronics.az/Assets/cdn-cgi?width=320&height=320&path=f052e4f8-df70-4670-a11d-891fe15fda75.webp,0
Blackview Tab 60 Pro LTE 8GB/128GB Green,6543,Planşetlər,319,399,17.72,18 ay,True,Yalnız online sifarişlə,https://smartelectronics.az/az/mehsullar/blackview-tab-60-pro-lte-8gb-128gb-green,https://assets.smartelectronics.az/Assets/cdn-cgi?width=320&height=320&path=6160e244-6e66-46ef-81a5-b007c20ab8b8.webp,0
Blackview Tab 60 Pro LTE 8GB/128GB Grey,6542,Planşetlər,319,399,17.72,18 ay,True,Yalnız online sifarişlə,https://smartelectronics.az/az/mehsullar/blackview-tab-60-pro-lte-8gb-128gb-grey,https://assets.smartelectronics.az/Assets/cdn-cgi?width=320&height=320&path=3ffa3e48-c136-4f1b-b364-268ddf1cf59a.png,0
Blackview Tab 90 LTE 8GB/128GB Blue,6541,Planşetlər,299,359,16.61,18 ay,True,Yalnız online sifarişlə,https://smartelectronics.az/az/mehsullar/blackview-tab-90-lte-8gb-128gb-blue,https://assets.smartelectronics.az/Assets/cdn-cgi?width=320&height=320&path=1043fed2-5270-47bd-866b-82158cf27d2e.png,0
Blackview Tab 90 LTE 8GB/128GB Black,6540,Planşetlər,299,359,16.61,18 ay,True,Yalnız online sifarişlə,https://smartelectronics.az/az/mehsullar/blackview-tab-90-lte-8gb-128gb-black,https://assets.smartelectronics.az/Assets/cdn-cgi?width=320&height=320&path=94525979-08ce-4e1c-9676-58ffc901de39.webp,0
Apple iPad 11-inch (A16) 128 GB Silver,6410,Planşetlər,899,999,49.94,18 ay,True,18 ay komissiyasız; 18 ay faizsiz,https://smartelectronics.az/az/mehsullar/apple-ipad-11-inch--a16--128-gb-silver,https://assets.smartelectronics.az/Assets/cdn-cgi?width=320&height=320&path=785f4319-1cdc-452d-b95b-1ef501029713.webp,2
iPad Pro 11-inch (M5) Wi-Fi 256 GB SG Space Black,6407,Planşetlər,2499,2899,138.83,18 ay,True,18 ay ilkin ödənişsiz; 18 ay komissiyasız; 18 ay faizsiz,https://smartelectronics.az/az/mehsullar/ipad-pro-11-inch--m5--wi-fi-256-gb-sg-space-black,https://assets.smartelectronics.az/Assets/cdn-cgi?width=320&height=320&path=cbfedf93-52dd-472f-a264-a0caeea902a0.webp,2
iPad Pro 13-inch (M5) Wi-Fi 256 GB SG Space Black,6279,Planşetlər,3339,3799,185.5,18 ay,True,18 ay ilkin ödənişsiz; 18 ay komissiyasız; 18 ay faizsiz,https://smartelectronics.az/az/mehsullar/ipad-pro-13-inch--m5--wi-fi-256-gb-sg-space-black,https://assets.smartelectronics.az/Assets/cdn-cgi?width=320&height=320&path=8fc4fa2b-8433-40b0-8997-6a962a5075fe.webp,2
Apple iPad 11-inch (A16) 128 GB Blue,6210,Planşetlər,899,999,49.94,18 ay,True,18 ay komissiyasız; 18 ay faizsiz,https://smartelectronics.az/az/mehsullar/apple-ipad-11-inch--a16--128-gb-blue,https://assets.smartelectronics.az/Assets/cdn-cgi?width=320&height=320&path=cbd5f770-5a9a-4c95-9f20-fc56dbf20e82.webp,2
Xiaomi Redmi Pad 2 8GB/256GB Mint Green,6058,Planşetlər,399,449,22.17,18 ay,True,18 ay ilkin ödənişsiz; 18 ay komissiyasız; Yeni məhsul; 18 ay faizsiz,https://smartelectronics.az/az/mehsullar/xiaomi-redmi-pad-2-8gb-256gb-mint-green,https://assets.smartelectronics.az/Assets/cdn-cgi?width=320&height=320&path=5ced0206-7b32-4cf7-9406-3d6d74a22018.webp,2
Xiaomi Redmi Pad 2 8GB/256GB Lavander Purple,6057,Planşetlər,399,449,22.17,18 ay,True,18 ay ilkin ödənişsiz; 18 ay komissiyasız; Yeni məhsul; 18 ay faizsiz,https://smartelectronics.az/az/mehsullar/xiaomi-redmi-pad-2-8gb-256gb-lavander-purple,https://assets.smartelectronics.az/Assets/cdn-cgi?width=320&height=320&path=4a837c12-1651-4411-9597-9ab589811669.webp,2
Xiaomi Redmi Pad Pro 8GB/256GB Ocean Blue,6056,Planşetlər,599,649,33.28,18 ay,True,18 ay ilkin ödənişsiz; 18 ay komissiyasız; Yeni məhsul; 18 ay faizsiz,https://smartelectronics.az/az/mehsullar/xiaomi-redmi-pad-pro-8gb-256gb-ocean-blue,https://assets.smartelectronics.az/Assets/cdn-cgi?width=320&height=320&path=c9a787a7-92a7-4c14-980d-cb4bbe2375c6.png,2
Xiaomi Redmi Pad 2 8GB/256GB Graphite Gray,6053,Planşetlər,399,449,22.17,18 ay,True,18 ay ilkin ödənişsiz; 18 ay komissiyasız; Yeni məhsul; 18 ay faizsiz,https://smartelectronics.az/az/mehsullar/xiaomi-redmi-pad-2-8gb-256gb-graphite-gray,https://assets.smartelectronics.az/Assets/cdn-cgi?width=320&height=320&path=11cebe94-08cb-45fe-abf4-49a619c2fe2a.png,2
HONOR Pad X9a 6GB/128GB Gray,6050,Planşetlər,399,449,22.17,18 ay,True,18 ay ilkin ödənişsiz; 18 ay komissiyasız; Yeni məhsul; 18 ay faizsiz,https://smartelectronics.az/az/mehsullar/honor-pad-x9a-6gb-128gb-gray,https://assets.smartelectronics.az/Assets/cdn-cgi?width=320&height=320&path=bc9cdca3-4d10-4998-ba2c-98bdaa2d3a65.png,2
HONOR Pad X9a LTE 8GB/256GB Gray,6049,Planşetlər,499,549,27.72,18 ay,True,18 ay ilkin ödənişsiz; 18 ay komissiyasız; Yeni məhsul; 18 ay faizsiz,https://smartelectronics.az/az/mehsullar/honor-pad-x9a-lte-8gb-256gb-gray,https://assets.smartelectronics.az/Assets/cdn-cgi?width=320&height=320&path=8750b99d-e980-4930-aae1-7c1dffced420.png,3
HONOR Pad 9 (LTE) 8GB/128GB Space Gray,6048,Planşetlər,619,699,34.39,18 ay,True,18 ay ilkin ödənişsiz; 18 ay komissiyasız; Yeni məhsul; 18 ay faizsiz,https://smartelectronics.az/az/mehsullar/honor-pad-9--lte--8gb-128gb-space-gray,https://assets.smartelectronics.az/Assets/cdn-cgi?width=320&height=320&path=a8b2c28b-6106-40f3-aeb3-57c8d607bf27.png,3
HONOR Pad 9 8GB/128GB WI-FI Space Gray,6047,Planşetlər,549,599,30.5,18 ay,True,18 ay ilkin ödənişsiz; 18 ay komissiyasız; Yeni məhsul; 18 ay faizsiz,https://smartelectronics.az/az/mehsullar/honor-pad-9-8gb-128gb-wi-fi-space-gray,https://assets.smartelectronics.az/Assets/cdn-cgi?width=320&height=320&path=64c76812-ed35-4086-9a78-d26fb0a0d5ae.png,3
HONOR Pad X7 (LTE) 4GB/128GB Gray,6046,Planşetlər,239,269,13.28,18 ay,True,18 ay ilkin ödənişsiz; 18 ay komissiyasız; Yeni məhsul; 18 ay faizsiz,https://smartelectronics.az/az/mehsullar/honor-pad-x7--lte--4gb-128gb-gray,https://assets.smartelectronics.az/Assets/cdn-cgi?width=320&height=320&path=96dc72f8-4f1c-4c8c-8397-83e9b080b761.png,3
HONOR Pad V9 8GB/256GB Gray (Case+Pen),6043,Planşetlər,869,969,48.28,18 ay,True,18 ay ilkin ödənişsiz; 18 ay komissiyasız; Yeni məhsul; 18 ay faizsiz,https://smartelectronics.az/az/mehsullar/honor-pad-v9-8gb-256gb-gray--case-pen,https://assets.smartelectronics.az/Assets/cdn-cgi?width=320&height=320&path=022a3bd9-45e7-4b91-a8d7-4b385cc35b21.png,3
HONOR Pad V9 8GB/256GB Gray,6042,Planşetlər,799,899,44.39,18 ay,True,18 ay ilkin ödənişsiz; 18 ay komissiyasız; Yeni məhsul; 18 ay faizsiz,https://smartelectronics.az/az/mehsullar/honor-pad-v9-8gb-256gb-gray,https://assets.smartelectronics.az/Assets/cdn-cgi?width=320&height=320&path=7c829513-8b26-48bc-99f4-280b7bf40e62.webp,3
HONOR Pad 10 8GB/256GB Gray,6041,Planşetlər,669,749,37.17,18 ay,True,18 ay ilkin ödənişsiz; 18 ay komissiyasız; Yeni məhsul; 18 ay faizsiz,https://smartelectronics.az/az/mehsullar/honor-pad-10-8gb-256gb-gray,https://assets.smartelectronics.az/Assets/cdn-cgi?width=320&height=320&path=6ebb59e6-2cf4-43bc-a655-e0c81ca5f7f1.png,3
HONOR Pad 10 8GB/128GB Gray,6040,Planşetlər,579,649,32.17,18 ay,True,18 ay ilkin ödənişsiz; 18 ay komissiyasız; Yeni məhsul; 18 ay faizsiz,https://smartelectronics.az/az/mehsullar/honor-pad-10-8gb-128gb-gray,https://assets.smartelectronics.az/Assets/cdn-cgi?width=320&height=320&path=476b0962-a16b-404c-80ec-d14c1a66cb55.png,3
HONOR Pad 10 (LTE) 8GB/256GB (+Keyboard) Gray,6039,Planşetlər,769,869,42.72,18 ay,True,18 ay ilkin ödənişsiz; 18 ay komissiyasız; Yeni məhsul; 18 ay faizsiz,https://smartelectronics.az/az/mehsullar/honor-pad-10--lte--8gb-256gb--keyboard--gray,https://assets.smartelectronics.az/Assets/cdn-cgi?width=320&height=320&path=fb91ec68-1e85-4cf0-97a7-22afefd98516.png,3
Apple iPad 11-inch (A16) 128 GB Pink,6001,Planşetlər,899,999,49.94,18 ay,True,18 ay komissiyasız; 18 ay faizsiz,https://smartelectronics.az/az/mehsullar/apple-ipad-11-inch--a16--128-gb-pink,https://assets.smartelectronics.az/Assets/cdn-cgi?width=320&height=320&path=f1fed147-281e-42ae-a84c-e83513287ac8.webp,4
Apple iPad Mini 6 64GB,4452,Planşetlər,1149,1289,63.83,18 ay,True,18 ay ilkin ödənişsiz; 18 ay komissiyasız; 18 ay faizsiz,https://smartelectronics.az/az/mehsullar/apple-ipad-mini-6-64gb,https://assets.smartelectronics.az/Assets/cdn-cgi?width=320&height=320&path=c8b4290c-8807-4982-ac77-3876d7bcd010.webp,4
Apple iPad Pro Wi-Fi 128GB Space Grey,4451,Planşetlər,2229,2499,123.83,18 ay,True,18 ay ilkin ödənişsiz; 18 ay komissiyasız; 18 ay faizsiz,https://smartelectronics.az/az/mehsullar/apple-ipad-pro-wi-fi-128gb-space-grey,https://assets.smartelectronics.az/Assets/cdn-cgi?width=320&height=320&path=45dd9300-149f-4012-9c9e-23ee64aa6043.webp,4
"Apple iPad Air 13"" M3 Wi-Fi 8/256 GB Starlight (20...",4400,Planşetlər,2189,2459,121.61,18 ay,True,18 ay ilkin ödənişsiz; 18 ay komissiyasız; 18 ay faizsiz,https://smartelectronics.az/az/mehsullar/apple-ipad-air-13--m3-wi-fi-8-256-gb-starlight--2025,https://assets.smartelectronics.az/Assets/cdn-cgi?width=320&height=320&path=1e279c96-4b2d-42e5-b35f-c6823d5880b8.webp,4
"Apple iPad Air 13"" M3 Wi-Fi 8/256 GB Blue (2025)",4399,Planşetlər,2189,2459,121.61,18 ay,True,18 ay ilkin ödənişsiz; 18 ay komissiyasız; 18 ay faizsiz,https://smartelectronics.az/az/mehsullar/apple-ipad-air-13--m3-wi-fi-8-256-gb-blue--2025,https://assets.smartelectronics.az/Assets/cdn-cgi?width=320&height=320&path=ca40e928-df00-4fd5-9d9c-321e638f7c5f.webp,4
"Apple iPad Air 13"" M3 Wi-Fi 8/256 GB Purple (2025)",4398,Planşetlər,2189,2459,121.61,18 ay,True,18 ay ilkin ödənişsiz; 18 ay komissiyasız; 18 ay faizsiz,https://smartelectronics.az/az/mehsullar/apple-ipad-air-13--m3-wi-fi-8-256-gb-purple--2025,https://assets.smartelectronics.az/Assets/cdn-cgi?width=320&height=320&path=0c123ae7-c42f-4315-a1bc-7526baafa3b5.webp,4
"Apple iPad Air 13"" M3 Wi-Fi 8/256 GB Space Gray (2...",4397,Planşetlər,2189,2459,121.61,18 ay,True,18 ay ilkin ödənişsiz; 18 ay komissiyasız; 18 ay faizsiz,https://smartelectronics.az/az/mehsullar/apple-ipad-air-13--m3-wi-fi-8-256-gb-space-gray--2025,https://assets.smartelectronics.az/Assets/cdn-cgi?width=320&height=320&path=86477b20-d454-4c8f-99d9-fbafc399dbaa.webp,4
"Apple iPad Air 13"" M3 Wi-Fi 8/128 GB Starlight (20...",4396,Planşetlər,1899,2129,105.5,18 ay,True,18 ay ilkin ödənişsiz; 18 ay komissiyasız; 18 ay faizsiz,https://smartelectronics.az/az/mehsullar/apple-ipad-air-13--m3-wi-fi-8-128-gb-starlight--2025,https://assets.smartelectronics.az/Assets/cdn-cgi?width=320&height=320&path=4b6680f3-6c46-43e8-9634-68a522b6853f.webp,4
"Apple iPad Air 13"" M3 Wi-Fi 8/128 GB Blue (2025)",4395,Planşetlər,1899,2129,105.5,18 ay,True,18 ay ilkin ödənişsiz; 18 ay komissiyasız; 18 ay faizsiz,https://smartelectronics.az/az/mehsullar/apple-ipad-air-13--m3-wi-fi-8-128-gb-blue--2025,https://assets.smartelectronics.az/Assets/cdn-cgi?width=320&height=320&path=05507807-85d0-4276-949c-3f4932d2aa7d.webp,4
"Apple iPad Air 13"" M3 Wi-Fi 8/128 GB Purple (2025)",4394,Planşetlər,1899,2129,105.5,18 ay,True,18 ay ilkin ödənişsiz; 18 ay komissiyasız; 18 ay faizsiz,https://smartelectronics.az/az/mehsullar/apple-ipad-air-13--m3-wi-fi-8-128-gb-purple--2025,https://assets.smartelectronics.az/Assets/cdn-cgi?width=320&height=320&path=80a3f074-f821-44b3-a3eb-14e56ecd69b3.webp,5
"Apple iPad Air 13"" M3 Wi-Fi 8/128 GB Space Gray (2...",4393,Planşetlər,1899,2129,105.5,18 ay,True,18 ay ilkin ödənişsiz; 18 ay komissiyasız; 18 ay faizsiz,https://smartelectronics.az/az/mehsullar/apple-ipad-air-13--m3-wi-fi-8-128-gb-space-gray--2025,https://assets.smartelectronics.az/Assets/cdn-cgi?width=320&height=320&path=81409a4d-101e-49af-b695-abcda9a51089.webp,5
"Apple iPad Air 11"" M3 Wi-Fi 8/128 GB Starlight (20...",4288,Planşetlər,1469,1539,81.61,18 ay,True,18 ay ilkin ödənişsiz; 18 ay komissiyasız; 18 ay faizsiz,https://smartelectronics.az/az/mehsullar/apple-ipad-air-11--m3-wi-fi-8-128-gb-starlight--2025,https://assets.smartelectronics.az/Assets/cdn-cgi?width=320&height=320&path=cf3bbf8c-8611-4b16-9ef0-e32135bb0cc3.webp,5
"Apple iPad Air 11"" M3 Wi-Fi 8/128 GB Blue (2025)",4287,Planşetlər,1469,1539,81.61,18 ay,True,18 ay ilkin ödənişsiz; 18 ay komissiyasız; 18 ay faizsiz,https://smartelectronics.az/az/mehsullar/apple-ipad-air-11--m3-wi-fi-8-128-gb-blue--2025,https://assets.smartelectronics.az/Assets/cdn-cgi?width=320&height=320&path=63e4ee00-6b88-4002-89f9-3c3914e8d0a9.webp,5
"Apple iPad Air 11"" M3 Wi-Fi 8/128 GB Purple (2025)",4286,Planşetlər,1469,1539,81.61,18 ay,True,18 ay ilkin ödənişsiz; 18 ay komissiyasız; 18 ay faizsiz,https://smartelectronics.az/az/mehsullar/apple-ipad-air-11--m3-wi-fi-8-128-gb-purple--2025,https://assets.smartelectronics.az/Assets/cdn-cgi?width=320&height=320&path=f277c7a0-7eb2-4a15-a962-a83bfa405cec.webp,5
"Apple iPad Air 11"" M3 Wi-Fi 8/128 GB Space Gray (2...",4285,Planşetlər,1469,1539,81.61,18 ay,True,18 ay ilkin ödənişsiz; 18 ay komissiyasız; 18 ay faizsiz,https://smartelectronics.az/az/mehsullar/apple-ipad-air-11--m3-wi-fi-8-128-gb-space-gray--2025,https://assets.smartelectronics.az/Assets/cdn-cgi?width=320&height=320&path=3c3fe21e-7b85-437f-b85d-1c89b7310e84.webp,5
"Apple iPad Air 11"" M3 Wi-Fi 8/256 GB Starlight (20...",4284,Planşetlər,1799,1899,99.94,18 ay,True,18 ay ilkin ödənişsiz; 18 ay komissiyasız; 18 ay faizsiz,https://smartelectronics.az/az/mehsullar/apple-ipad-air-11--m3-wi-fi-8-256-gb-starlight--2025,https://assets.smartelectronics.az/Assets/cdn-cgi?width=320&height=320&path=0c531aff-5027-4220-a04c-54e40169c016.webp,5
"Apple iPad Air 11"" M3 Wi-Fi 8/256 GB Blue (2025)",4283,Planşetlər,1799,1899,99.94,18 ay,True,18 ay ilkin ödənişsiz; 18 ay komissiyasız; 18 ay faizsiz,https://smartelectronics.az/az/mehsullar/apple-ipad-air-11--m3-wi-fi-8-256-gb-blue--2025,https://assets.smartelectronics.az/Assets/cdn-cgi?width=320&height=320&path=41fb14df-207d-40cc-b057-bc233bc2b9ed.webp,5
"Apple iPad Air 11"" M3 Wi-Fi 8/256 GB Purple (2025)",4282,Planşetlər,1799,1899,99.94,18 ay,True,18 ay ilkin ödənişsiz; 18 ay komissiyasız; 18 ay faizsiz,https://smartelectronics.az/az/mehsullar/apple-ipad-air-11--m3-wi-fi-8-256-gb-purple--2025,https://assets.smartelectronics.az/Assets/cdn-cgi?width=320&height=320&path=eadce892-7efd-4953-b706-c119a175942f.webp,5
"Apple iPad Air 11"" M3 Wi-Fi 8/256 GB Space Gray (2...",4281,Planşetlər,1799,1899,99.94,18 ay,True,18 ay ilkin ödənişsiz; 18 ay komissiyasız; 18 ay faizsiz,https://smartelectronics.az/az/mehsullar/apple-ipad-air-11--m3-wi-fi-8-256-gb-space-gray--2025,https://assets.smartelectronics.az/Assets/cdn-cgi?width=320&height=320&path=8baf0f80-ae3f-4343-a442-98981f506c0e.webp,6
Poco Pad 8GB/256GB Gray,4172,Planşetlər,579,629,32.17,18 ay,True,18 ay ilkin ödənişsiz; 18 ay komissiyasız; 18 ay faizsiz,https://smartelectronics.az/az/mehsullar/poco-pad-8gb-256gb-gray,https://assets.smartelectronics.az/Assets/cdn-cgi?width=320&height=320&path=db22c18f-f2e9-4d59-af29-f37688a029c9.webp,6
Oukitel OKT3 8GB/256GB Blue,3647,Planşetlər,289,329,16.06,18 ay,True,Yalnız online sifarişlə; 18 ay ilkin ödənişsiz,https://smartelectronics.az/az/mehsullar/oukitel-okt3-8gb-256gb-blue,https://assets.smartelectronics.az/Assets/cdn-cgi?width=320&height=320&path=a14c1e79-932b-4d8d-ae52-f8fde1368482.webp,6
Oukitel OKT3 8GB/256GB Grey,3646,Planşetlər,289,329,16.06,18 ay,True,Yalnız online sifarişlə; 18 ay ilkin ödənişsiz,https://smartelectronics.az/az/mehsullar/oukitel-okt3-8gb-256gb-grey,https://assets.smartelectronics.az/Assets/cdn-cgi?width=320&height=320&path=d8b0592f-072e-4e77-a9ef-e6235f786a29.webp,6
Oukitel OT8 6GB/256GB Purple,3645,Planşetlər,359,419,19.94,18 ay,True,Yalnız online sifarişlə; 18 ay ilkin ödənişsiz,https://smartelectronics.az/az/mehsullar/oukitel-ot8-6gb-256gb-purple,https://assets.smartelectronics.az/Assets/cdn-cgi?width=320&height=320&path=6282754a-2010-4a19-a4a1-ebd325cd22a2.webp,6
Oukitel OT8 6GB/256GB Grey,3644,Planşetlər,359,419,19.94,18 ay,True,Yalnız online sifarişlə; 18 ay ilkin ödənişsiz,https://smartelectronics.az/az/mehsullar/oukitel-ot8-6gb-256gb-grey,https://assets.smartelectronics.az/Assets/cdn-cgi?width=320&height=320&path=5eadf12a-ffeb-4968-a202-011cf54005f7.webp,6
Oukitel OT8 6GB/256GB Green,3643,Planşetlər,359,419,19.94,18 ay,True,Yalnız online sifarişlə; 18 ay ilkin ödənişsiz,https://smartelectronics.az/az/mehsullar/oukitel-ot8-6gb-256gb-green,https://assets.smartelectronics.az/Assets/cdn-cgi?width=320&height=320&path=b1aae3f7-806f-491e-bbef-fc7284d9ce8c.webp,6
"Apple iPad Pro 13"" M4 Wi-Fi 8/256 GB Silver",2849,Planşetlər,2749,3089,152.72,18 ay,True,18 ay ilkin ödənişsiz; 18 ay komissiyasız; 18 ay faizsiz,https://smartelectronics.az/az/mehsullar/apple-ipad-pro-13--m4-wi-fi-8-256-gb-silver,https://assets.smartelectronics.az/Assets/cdn-cgi?width=320&height=320&path=cd194f78-46e4-47e2-bec8-d24ae2e08c61.webp,6
"Apple iPad Pro 13"" M4 Wi-Fi 8/256 GB Space Black",2848,Planşetlər,2749,3089,152.72,18 ay,True,18 ay ilkin ödənişsiz; 18 ay komissiyasız; 18 ay faizsiz,https://smartelectronics.az/az/mehsullar/apple-ipad-pro-13--m4-wi-fi-8-256-gb-space-black,https://assets.smartelectronics.az/Assets/cdn-cgi?width=320&height=320&path=e105b3f3-0adb-4a6f-a10b-9c68f72f1f7e.webp,6
"Apple iPad Air 13"" M2 Wi-Fi 8/256 GB Blue",2817,Planşetlər,2019,2269,112.17,18 ay,True,Mövcud deyil,https://smartelectronics.az/az/mehsullar/apple-ipad-air-13--m2-wi-fi-8-256-gb-blue,https://assets.smartelectronics.az/Assets/cdn-cgi?width=320&height=320&path=4a30afae-5110-4c8e-aa14-5beac9fed80f.webp,7
"Apple iPad Air 11"" M2 Wi-Fi 8/256 GB Space Gray",2784,Planşetlər,1499,1699,83.28,18 ay,True,18 ay ilkin ödənişsiz; 18 ay komissiyasız; 18 ay faizsiz,https://smartelectronics.az/az/mehsullar/apple-ipad-air-11--m2-wi-fi-8-256-gb-space-gray,https://assets.smartelectronics.az/Assets/cdn-cgi?width=320&height=320&path=35b61c22-ab68-4799-a977-8f606478dc9c.webp,7
"Apple iPad 7 mini (A17 Pro) 8.3"" Wi-Fi (2024) 512 ...",2767,Planşetlər,2019,2269,112.17,18 ay,True,18 ay ilkin ödənişsiz; 18 ay komissiyasız; 18 ay faizsiz,https://smartelectronics.az/az/mehsullar/apple-ipad-7-mini--a17-pro--8.3--wi-fi--2024--512-gb-space-gray,https://assets.smartelectronics.az/Assets/cdn-cgi?width=320&height=320&path=5442efc7-5b45-407d-9fbc-e190fb30e71a.webp,7
"Apple iPad 7 mini (A17 Pro) 8.3"" Wi-Fi (2024) 512 ...",2766,Planşetlər,2019,2269,112.17,18 ay,True,18 ay ilkin ödənişsiz; 18 ay komissiyasız; 18 ay faizsiz,https://smartelectronics.az/az/mehsullar/apple-ipad-7-mini--a17-pro--8.3--wi-fi--2024--512-gb-purple,https://assets.smartelectronics.az/Assets/cdn-cgi?width=320&height=320&path=f3ea7dc5-a45e-4448-80f7-50ddac65b75a.webp,7
"Apple iPad 7 mini (A17 Pro) 8.3"" Wi-Fi (2024) 512 ...",2765,Planşetlər,2019,2269,112.17,18 ay,True,18 ay ilkin ödənişsiz; 18 ay komissiyasız; 18 ay faizsiz,https://smartelectronics.az/az/mehsullar/apple-ipad-7-mini--a17-pro--8.3--wi-fi--2024--512-gb-starlight,https://assets.smartelectronics.az/Assets/cdn-cgi?width=320&height=320&path=a3e4356f-cbb0-4ce8-bdb8-19d0686515e9.webp,7
"Apple iPad 7 mini (A17 Pro) 8.3"" Wi-Fi (2024) 512 ...",2764,Planşetlər,2019,2269,112.17,18 ay,True,18 ay ilkin ödənişsiz; 18 ay komissiyasız; 18 ay faizsiz,https://smartelectronics.az/az/mehsullar/apple-ipad-7-mini--a17-pro--8.3--wi-fi--2024--512-gb-blue,https://assets.smartelectronics.az/Assets/cdn-cgi?width=320&height=320&path=dc400201-438c-484c-a8a4-39587c145afa.webp,7
"Apple iPad 7 mini (A17 Pro) 8.3"" Wi-Fi (2024) 256 ...",2763,Planşetlər,1469,1649,81.61,18 ay,True,18 ay ilkin ödənişsiz; 18 ay komissiyasız; 18 ay faizsiz,https://smartelectronics.az/az/mehsullar/apple-ipad-7-mini--a17-pro--8.3--wi-fi--2024--256-gb-space-gray,https://assets.smartelectronics.az/Assets/cdn-cgi?width=320&height=320&path=cd26f65c-7e85-441f-9a7c-fc854e979a61.webp,7
"Apple iPad 7 mini (A17 Pro) 8.3"" Wi-Fi (2024) 256 ...",2762,Planşetlər,1469,1649,81.61,18 ay,True,18 ay ilkin ödənişsiz; 18 ay komissiyasız; 18 ay faizsiz,https://smartelectronics.az/az/mehsullar/apple-ipad-7-mini--a17-pro--8.3--wi-fi--2024--256-gb-purple,https://assets.smartelectronics.az/Assets/cdn-cgi?width=320&height=320&path=cc8293a7-0f17-4999-b3ba-17d8620ebbc2.webp,7
"Apple iPad 7 mini (A17 Pro) 8.3"" Wi-Fi (2024) 256 ...",2761,Planşetlər,1469,1649,81.61,18 ay,True,18 ay ilkin ödənişsiz; 18 ay komissiyasız; 18 ay faizsiz,https://smartelectronics.az/az/mehsullar/apple-ipad-7-mini--a17-pro--8.3--wi-fi--2024--256-gb-starlight,https://assets.smartelectronics.az/Assets/cdn-cgi?width=320&height=320&path=fc207e3e-950a-4d56-918c-736fbd5e23a6.webp,7
"Apple iPad 7 mini (A17 Pro) 8.3"" Wi-Fi (2024) 256 ...",2760,Planşetlər,1469,1649,81.61,18 ay,True,18 ay ilkin ödənişsiz; 18 ay komissiyasız; 18 ay faizsiz,https://smartelectronics.az/az/mehsullar/apple-ipad-7-mini--a17-pro--8.3--wi-fi--2024--256-gb-blue,https://assets.smartelectronics.az/Assets/cdn-cgi?width=320&height=320&path=4bbe3cb1-8d0f-487d-a499-01a98f62fc60.webp,8
"Apple iPad 7 mini (A17 Pro) 8.3"" Wi-Fi (2024) 128 ...",2759,Planşetlər,1159,1309,64.39,18 ay,True,18 ay ilkin ödənişsiz; 18 ay komissiyasız; 18 ay faizsiz,https://smartelectronics.az/az/mehsullar/apple-ipad-7-mini--a17-pro--8.3--wi-fi--2024--128-gb-space-gray,https://assets.smartelectronics.az/Assets/cdn-cgi?width=320&height=320&path=1d8d6f7b-ee36-4342-ac06-df2feaf91b32.webp,8
"Apple iPad 7 mini (A17 Pro) 8.3"" Wi-Fi (2024) 128 ...",2757,Planşetlər,1159,1309,64.39,18 ay,True,18 ay ilkin ödənişsiz; 18 ay komissiyasız; 18 ay faizsiz,https://smartelectronics.az/az/mehsullar/apple-ipad-7-mini--a17-pro--8.3--wi-fi--2024--128-gb-purple,https://assets.smartelectronics.az/Assets/cdn-cgi?width=320&height=320&path=f4c98eb9-f7d2-4c8c-8dcf-85dd8783687e.webp,8
"Apple iPad 7 mini (A17 Pro) 8.3"" Wi-Fi (2024) 128 ...",2756,Planşetlər,1159,1309,64.39,18 ay,True,18 ay ilkin ödənişsiz; 18 ay komissiyasız; 18 ay faizsiz,https://smartelectronics.az/az/mehsullar/apple-ipad-7-mini--a17-pro--8.3--wi-fi--2024--128-gb-starlight,https://assets.smartelectronics.az/Assets/cdn-cgi?width=320&height=320&path=25a5f49f-be89-4b34-95ea-207d7917fba6.webp,8
"Apple iPad 7 mini (A17 Pro) 8.3"" Wi-Fi (2024) 128 ...",2755,Planşetlər,1159,1309,64.39,18 ay,True,18 ay ilkin ödənişsiz; 18 ay komissiyasız; 18 ay faizsiz,https://smartelectronics.az/az/mehsullar/apple-ipad-7-mini--a17-pro--8.3--wi-fi--2024--128-gb-blue,https://assets.smartelectronics.az/Assets/cdn-cgi?width=320&height=320&path=5f8c2112-5ce3-4971-a5be-cad7ce55362f.webp,8
HONOR Pad X8a LTE 4GB/64GB Space Gray,2734,Planşetlər,279,349,15.5,18 ay,True,18 ay ilkin ödənişsiz; 18 ay komissiyasız; 18 ay faizsiz,https://smartelectronics.az/az/mehsullar/honor-pad-x8a-lte-4gb-64gb-space-gray,https://assets.smartelectronics.az/Assets/cdn-cgi?width=320&height=320&path=733670cb-c0e7-4d3f-956e-9d3a6449fdd4.png,8
Xiaomi Redmi Pad Pro 6GB/128GB Graphite Gray WIFI,2615,Planşetlər,519,569,28.83,18 ay,True,18 ay ilkin ödənişsiz; 18 ay komissiyasız; 18 ay faizsiz,https://smartelectronics.az/az/mehsullar/xiaomi-redmi-pad-pro-6gb-128gb-graphite-gray-wifi,https://assets.smartelectronics.az/Assets/cdn-cgi?width=320&height=320&path=27f2d101-a2ce-4f76-8ff1-57c7550e73f3.webp,8
HONOR Pad X8a 4GB/128GB Space Gray,2605,Planşetlər,329,399,18.28,18 ay,True,18 ay ilkin ödənişsiz; 18 ay komissiyasız; 18 ay faizsiz,https://smartelectronics.az/az/mehsullar/honor-pad-x8a-4gb-128gb-space-gray,https://assets.smartelectronics.az/Assets/cdn-cgi?width=320&height=320&path=3090c485-610d-4a10-89d5-2d548fdabf29.png,8
HONOR Pad X8a 4GB/64GB Space Gray,2604,Planşetlər,249,299,13.83,18 ay,True,18 ay ilkin ödənişsiz; 18 ay komissiyasız; 18 ay faizsiz,https://smartelectronics.az/az/mehsullar/honor-pad-x8a-4gb-64gb-space-gray,https://assets.smartelectronics.az/Assets/cdn-cgi?width=320&height=320&path=f2ca534a-27da-481a-b6d7-b4f1c55129c8.png,8
HONOR Pad X8a LTE 4GB/128GB Space Gray,2603,Planşetlər,369,449,20.5,18 ay,True,18 ay ilkin ödənişsiz; 18 ay komissiyasız; 18 ay faizsiz,https://smartelectronics.az/az/mehsullar/honor-pad-x8a-lte-4gb-128gb-space-gray,https://assets.smartelectronics.az/Assets/cdn-cgi?width=320&height=320&path=e7e5915b-5377-4f26-aaa9-94535f62ae84.png,9
Samsung Galaxy Tab A9 (SM-X110) Wifi 4GB/64GB Dark...,2160,Planşetlər,239,,13.28,18 ay,True,18 ay ilkin ödənişsiz; 18 ay komissiyasız; 18 ay faizsiz,https://smartelectronics.az/az/mehsullar/samsung-galaxy-tab-a9--sm-x110--wifi-4gb-64gb-dark-blue,https://assets.smartelectronics.az/Assets/cdn-cgi?width=320&height=320&path=1fb5a0f9-a8e1-4cd9-bfb4-131bd28d3ed2.png,9
Xiaomi Redmi Pad SE 8GB/256GB Mint Green,2157,Planşetlər,359,,19.94,18 ay,True,18 ay ilkin ödənişsiz; 18 ay komissiyasız; 18 ay faizsiz,https://smartelectronics.az/az/mehsullar/xiaomi-redmi-pad-se-8gb-256gb-mint-green,https://assets.smartelectronics.az/Assets/cdn-cgi?width=320&height=320&path=e1ff390a-340a-4491-af30-bb58c841dde6.png,9
HONOR Pad 9 8GB/128GB WI-FI Cyan Lake,2049,Planşetlər,549,599,30.5,18 ay,True,18 ay ilkin ödənişsiz; 18 ay komissiyasız; 18 ay faizsiz,https://smartelectronics.az/az/mehsullar/honor-pad-9-8gb-128gb-wi-fi-cyan-lake,https://assets.smartelectronics.az/Assets/cdn-cgi?width=320&height=320&path=c0c29a83-9421-4086-9ca1-38435561d87e.png,9
HONOR Pad X9 4GB/128GB Space Gray,2046,Planşetlər,499,549,27.72,18 ay,True,18 ay ilkin ödənişsiz; 18 ay komissiyasız; 18 ay faizsiz,https://smartelectronics.az/az/mehsullar/honor-pad-x9-4gb-128gb-space-gray,https://assets.smartelectronics.az/Assets/cdn-cgi?width=320&height=320&path=31227e95-ac06-40c1-a502-925f254554ce.png,9
"HONOR Pad X9 LTE 11.5"" 4GB/128 GB Space Gray",2033,Planşetlər,519,569,28.83,18 ay,True,18 ay ilkin ödənişsiz; 18 ay komissiyasız; 18 ay faizsiz,https://smartelectronics.az/az/mehsullar/honor-pad-x9-lte-11.5--4gb-128-gb-space-gray,https://assets.smartelectronics.az/Assets/cdn-cgi?width=320&height=320&path=e16371ec-4cb7-4d92-ad6c-5545187f6f60.png,9
"Apple iPad Pro 11"" M4 Wi-Fi 8/256 GB Silver",742,Planşetlər,2199,2469,122.17,18 ay,True,18 ay ilkin ödənişsiz; 18 ay komissiyasız; 18 ay faizsiz,https://smartelectronics.az/az/mehsullar/apple-ipad-pro-11--m4-wi-fi-8-256-gb-silver,https://assets.smartelectronics.az/Assets/cdn-cgi?width=320&height=320&path=4d28c409-8475-4e8c-947f-04a9ba28576e.webp,9
"Apple iPad Pro 11"" M4 Wi-Fi 8/256 GB Space Black",741,Planşetlər,2199,2469,122.17,18 ay,True,18 ay ilkin ödənişsiz; 18 ay komissiyasız; 18 ay faizsiz,https://smartelectronics.az/az/mehsullar/apple-ipad-pro-11--m4-wi-fi-8-256-gb-space-black,https://assets.smartelectronics.az/Assets/cdn-cgi?width=320&height=320&path=653bd602-e609-4e4b-af65-65bdc12c5ff2.webp,9
